Disease,Description
Drug Reaction,"Symptoms: Skin rash, hives, itching, fever, swelling, shortness of breath, anaphylaxis

Description: An adverse drug reaction (ADR) is an unintended, harmful response to a medication administered at a standard dose. ADRs range from mild side effects such as nausea and rash to life-threatening conditions including anaphylaxis, Stevens-Johnson syndrome, and organ failure. They may result from pharmacological properties of the drug, immune-mediated hypersensitivity, genetic polymorphisms affecting drug metabolism (e.g., CYP450 variants), or dangerous interactions between two or more medications. Risk factors include polypharmacy, renal or hepatic impairment, advanced age, and prior ADR history."
Malaria,"Symptoms: Fever, chills, headache, nausea, vomiting, muscle pain, sweating

Description: Malaria is a life-threatening infectious disease caused by Plasmodium parasites (P. falciparum, P. vivax, P. ovale, P. malariae, and P. knowlesi) transmitted through the bites of infected female Anopheles mosquitoes. P. falciparum causes the most severe and fatal form. After entering the bloodstream, parasites infect and destroy red blood cells, leading to cyclic fevers, chills, anemia, and potentially cerebral malaria, multi-organ failure, or death if untreated. It is endemic in sub-Saharan Africa, South Asia, and parts of Latin America, causing over 600,000 deaths annually."
Allergy,"Symptoms: Sneezing, itchy nose/eyes, runny nose, watery eyes, skin rash, hives

Description: An allergy is an exaggerated immune system response to a normally harmless foreign substance (allergen) such as pollen, dust mites, pet dander, insect venom, certain foods (nuts, shellfish, dairy), or medications. Upon re-exposure, mast cells release histamine and other mediators, producing symptoms ranging from sneezing, nasal congestion, and urticaria to severe anaphylaxis. Allergic conditions include allergic rhinitis, asthma, eczema (atopic dermatitis), food allergies, and contact dermatitis. Genetic predisposition (atopy) and environmental factors both influence susceptibility."
Hypothyroidism,"Symptoms: Fatigue, sensitivity to cold, constipation, dry skin, weight gain, puffy face

Description: Hypothyroidism is a clinical syndrome resulting from insufficient production of thyroid hormones (T3 and T4) by the thyroid gland. The most common cause worldwide is autoimmune Hashimoto's thyroiditis; other causes include iodine deficiency, thyroid surgery, radioactive iodine therapy, and certain medications (lithium, amiodarone). Inadequate thyroid hormone slows metabolic processes throughout the body, causing fatigue, weight gain, cold intolerance, constipation, dry skin, hair loss, bradycardia, depression, and in severe cases myxedema coma. TSH elevation is the primary diagnostic marker."
Psoriasis,"Symptoms: Red patches of skin with thick silvery scales, dry/cracked skin, itching, burning

Description: Psoriasis is a chronic, immune-mediated inflammatory skin disease driven by overactivation of T-helper 17 (Th17) cells and excess IL-17, IL-23, and TNF-α, leading to accelerated keratinocyte proliferation. This produces sharply demarcated, erythematous plaques covered with silvery-white scales, most commonly on the scalp, elbows, knees, and sacral area. It affects approximately 2–3% of the global population and follows a relapsing-remitting course. Associated comorbidities include psoriatic arthritis (in ~30%), cardiovascular disease, metabolic syndrome, and depression. Triggers include stress, infections, certain medications, and skin trauma (Koebner phenomenon)."
GERD,"Symptoms: Heartburn, chest pain, difficulty swallowing, regurgitation of sour liquid, lump in throat

Description: Gastroesophageal reflux disease (GERD) is a chronic digestive disorder characterized by recurrent reflux of acidic or non-acidic stomach contents into the esophagus due to lower esophageal sphincter (LES) dysfunction, hiatal hernia, or impaired esophageal motility. Symptoms include heartburn, regurgitation, chest pain, chronic cough, laryngitis, and dysphagia. Prolonged, untreated GERD can lead to erosive esophagitis, Barrett's esophagus (a pre-malignant metaplasia), esophageal strictures, and esophageal adenocarcinoma. Obesity, pregnancy, smoking, and dietary factors significantly worsen the condition."
Chronic cholestasis,"Symptoms: Symptoms vary; consult a healthcare professional for specific diagnosis.

Description: Chronic cholestasis is a condition in which bile flow from the liver to the duodenum is persistently impaired, causing accumulation of bile acids, bilirubin, and cholesterol in the liver and bloodstream. It can be classified as intrahepatic (primary biliary cholangitis, primary sclerosing cholangitis, drug-induced, or cholestasis of pregnancy) or extrahepatic (bile duct obstruction by gallstones, strictures, or malignancy). Prolonged cholestasis causes progressive liver damage, fat-soluble vitamin deficiencies (A, D, E, K), osteoporosis, xanthomas, steatorrhea, and may progress to biliary cirrhosis and liver failure."
Hepatitis A,"Symptoms: Fatigue, sudden nausea, abdominal pain, clay-colored stools, jaundice, dark urine

Description: Hepatitis A is an acute, self-limiting liver infection caused by the hepatitis A virus (HAV), a non-enveloped RNA virus (Picornaviridae family). It is primarily transmitted via the fecal-oral route through contaminated food (shellfish, raw produce) or water, and through close contact with infected individuals. HAV infects hepatocytes, triggering immune-mediated liver inflammation. Symptoms typically include sudden onset of fever, fatigue, nausea, vomiting, abdominal pain, dark urine, jaundice, and clay-colored stools. Most patients recover fully within 2 months; rare fulminant hepatitis can occur. Effective vaccines provide long-term immunity."
Osteoarthritis,"Symptoms: Joint pain during movement, stiffness after rest, tenderness, loss of flexibility

Description: Osteoarthritis (OA) is a progressive, degenerative joint disease characterized by breakdown of articular cartilage, subchondral bone remodeling, osteophyte formation, synovial inflammation, and periarticular muscle weakness. It is the most common form of arthritis, predominantly affecting weight-bearing joints (knees, hips) and the hands. Risk factors include aging, obesity, previous joint injury, repetitive stress, and genetic predisposition. Clinically, OA presents with joint pain worsened by activity, morning stiffness lasting less than 30 minutes, crepitus, reduced range of motion, and joint deformity in advanced stages. There is currently no disease-modifying therapy; management focuses on symptom relief and functional preservation."
Osteoarthritis,"Symptoms: Joint pain during movement, stiffness after rest, tenderness, loss of flexibility

Description: Osteoarthritis (OA) is the most prevalent musculoskeletal disease globally, caused by progressive articular cartilage degradation mediated by matrix metalloproteinases, increased subchondral bone remodeling (sclerosis, cyst formation, osteophytes), low-grade synovial inflammation, and periarticular muscle weakness. Risk factors include aging, female sex, obesity, prior joint injury, joint malalignment, and genetic susceptibility. Knees, hips, hands (DIP/PIP joints, thumb base), and spine are most affected. Clinical features include activity-related joint pain relieved by rest, morning stiffness <30 minutes, crepitus, bony enlargement (Heberden's and Bouchard's nodes in fingers), and progressive loss of function. Radiographic hallmarks include joint space narrowing, subchondral sclerosis, and osteophytes. Management focuses on pain relief, exercise, weight loss, and joint replacement in severe cases."
Vertigo (Paroxysmal Positional Vertigo),"Symptoms: Dizziness, spinning sensation, loss of balance, nausea, vomiting

Description: Benign Paroxysmal Positional Vertigo (BPPV) is the most common vestibular disorder, caused by displacement of calcium carbonate crystals (otoconia/otoliths) from the utricle into one of the semicircular canals—most often the posterior canal. This causes abnormal endolymph movement and inappropriate cupular deflection, generating brief but intense episodes of spinning vertigo, nausea, and nystagmus triggered by specific head position changes (lying down, rolling over, looking up). Episodes typically last less than 60 seconds. Diagnosis is confirmed by the Dix-Hallpike maneuver. It is effectively treated with canalith repositioning procedures (Epley maneuver) in most cases."
Hypoglycemia,"Symptoms: Shakiness, dizziness, sweating, hunger, fast heartbeat, confusion, irritability

Description: Hypoglycemia is defined as an abnormally low blood glucose concentration (typically <70 mg/dL or <3.9 mmol/L), with severe hypoglycemia occurring below 54 mg/dL. It most commonly arises in people with diabetes using insulin or sulfonylureas, but can also result from prolonged fasting, excessive alcohol consumption, insulinoma, adrenal insufficiency, critical illness, or certain medications. Symptoms occur in two phases: adrenergic (tremor, sweating, palpitations, anxiety) and neuroglycopenic (confusion, blurred vision, seizures, coma). Prompt glucose administration is essential; severe untreated hypoglycemia causes permanent brain damage."
Acne,"Symptoms: Pimples, blackheads, whiteheads, red bumps, oily skin, scarring

Description: Acne vulgaris is a chronic inflammatory disease of the pilosebaceous unit driven by four pathogenic factors: increased sebum production (stimulated by androgens), follicular hyperkeratinization, colonization by Cutibacterium acnes (formerly Propionibacterium acnes), and immune-mediated inflammation. It manifests as non-inflammatory lesions (open and closed comedones) and inflammatory lesions (papules, pustules, nodules, cysts), predominantly on the face, chest, and back. It affects approximately 85% of adolescents and persists into adulthood in many cases. Severe or inadequately treated acne can result in scarring and significant psychological impact including depression and anxiety."
Diabetes,"Symptoms: Excessive thirst, frequent urination, hunger, blurred vision, fatigue, slow-healing sores

Description: Diabetes mellitus is a group of metabolic diseases characterized by chronic hyperglycemia resulting from defects in insulin secretion, insulin action, or both. Type 1 diabetes results from autoimmune destruction of pancreatic beta cells; Type 2 from progressive insulin resistance and relative insulin deficiency. Chronic hyperglycemia causes micro- and macrovascular complications including diabetic retinopathy (leading cause of blindness), nephropathy (leading cause of chronic kidney disease), peripheral neuropathy, and atherosclerotic cardiovascular disease. Globally, over 500 million people are affected. Diagnosis relies on fasting glucose, HbA1c, and oral glucose tolerance tests."
Impetigo,"Symptoms: Red sores that rupture and ooze, then form yellow-brown crust, itching

Description: Impetigo is a highly contagious, superficial bacterial skin infection caused most commonly by Staphylococcus aureus and/or Group A Streptococcus (Streptococcus pyogenes). It predominantly affects children aged 2–5 years and is more prevalent in warm, humid climates and overcrowded settings. Non-bullous impetigo presents as vesicles that rupture and form characteristic golden-yellow honey-colored crusts, typically around the nose, mouth, and extremities. Bullous impetigo, caused by toxin-producing S. aureus, produces large flaccid blisters. Complications include ecthyma, post-streptococcal glomerulonephritis, and cellulitis. Antibiotic treatment (topical or systemic) is effective."
Hypertension,"Symptoms: Often asymptomatic, but can cause headaches, shortness of breath, nosebleeds, dizziness

Description: Hypertension (high blood pressure) is a chronic cardiovascular condition defined as persistently elevated arterial blood pressure ≥130/80 mmHg (ACC/AHA) or ≥140/90 mmHg (WHO/ESC). Primary (essential) hypertension accounts for 90–95% of cases with no identifiable cause, while secondary hypertension results from renal disease, primary aldosteronism, obstructive sleep apnea, or other conditions. Hypertension is largely asymptomatic ('silent killer') until end-organ damage occurs, including left ventricular hypertrophy, heart failure, coronary artery disease, stroke, hypertensive retinopathy, and chronic kidney disease. It is the leading modifiable risk factor for cardiovascular mortality globally."
Peptic ulcer disease,"Symptoms: Burning stomach pain, bloating, heartburn, nausea, intolerance to fatty foods

Description: Peptic ulcer disease (PUD) refers to open sores (ulcers) developing in the mucosa of the stomach (gastric ulcers), duodenum (duodenal ulcers), or less commonly the lower esophagus, due to erosion by gastric acid and pepsin. The two predominant causes are Helicobacter pylori infection (~70% of cases) and chronic NSAID/aspirin use, which impair mucosal protective mechanisms. Symptoms include gnawing or burning epigastric pain, worsened by food (gastric) or relieved by food (duodenal), nausea, and bloating. Serious complications include hemorrhage (hematemesis, melena), perforation (surgical emergency), and gastric outlet obstruction."
Dimorphic hemorrhoids(piles),"Symptoms: Anal itching, pain, bleeding during bowel movements, swelling around anus

Description: Hemorrhoids (piles) are pathological enlargements of the vascular cushions in the anal canal caused by increased venous pressure, straining during defecation, chronic constipation, pregnancy, low-fiber diet, or prolonged sitting. Internal hemorrhoids originate above the dentate line (covered by rectal mucosa) and are graded I–IV based on prolapse severity; they typically present with painless rectal bleeding. External hemorrhoids below the dentate line (covered by anoderm) cause pain, swelling, and itching, particularly when thrombosed. Dimorphic (mixed) hemorrhoids involve both internal and external components. Diagnosis is clinical; treatment ranges from dietary modification and sitz baths to rubber band ligation or surgical hemorrhoidectomy."
Common Cold,"Symptoms: Runny/stuffy nose, sore throat, cough, congestion, mild body aches, sneezing

Description: The common cold is an acute, self-limiting viral upper respiratory tract infection predominantly caused by rhinoviruses (50–80% of cases), but also by coronaviruses, adenoviruses, parainfluenza, and RSV. The virus infects epithelial cells of the nasal mucosa, triggering an inflammatory response characterized by nasal congestion, rhinorrhea, sneezing, sore throat, cough, and mild fever. Transmission occurs via respiratory droplets and hand-to-nose contact. Symptoms typically peak at 2–3 days and resolve within 7–10 days. There is no cure; treatment is supportive. Complications include secondary bacterial sinusitis, otitis media, and exacerbation of underlying asthma."
Chicken pox,"Symptoms: Itchy red rash, blisters, fever, fatigue, loss of appetite, headache

Description: Chickenpox (varicella) is a highly contagious acute primary infection caused by the Varicella-Zoster Virus (VZV), a member of the Herpesviridae family. Transmission occurs via respiratory droplets and direct contact with vesicular lesions (attack rate ~90% in susceptible contacts). The characteristic rash progresses in crops from macules to papules to pruritic vesicles and then crusted lesions over 5–7 days, typically beginning on the trunk and face before spreading centrifugally. Fever, malaise, and pruritus accompany the rash. Complications include bacterial superinfection, pneumonia (especially in adults and immunocompromised), encephalitis, and Reye's syndrome (with aspirin use). VZV remains latent in dorsal root ganglia and may reactivate years later as herpes zoster (shingles)."
Cervical spondylosis,"Symptoms: Neck pain, stiffness, tingling in arms, weakness in limbs, loss of coordination

Description: Cervical spondylosis is a spectrum of age-related degenerative changes in the cervical spine involving intervertebral disc desiccation and herniation, formation of osteophytes (bone spurs), facet joint arthropathy, and ligamentous hypertrophy. These structural changes can cause cervical radiculopathy (nerve root compression producing unilateral arm pain, paresthesia, and weakness) or cervical myelopathy (spinal cord compression causing gait dysfunction, hand clumsiness, and bladder/bowel dysfunction). Symptoms include neck pain, stiffness, headaches, and in severe cases progressive neurological deficits. Prevalence increases with age; over 90% of people above 65 show radiographic evidence of cervical spondylosis."
Hyperthyroidism,"Symptoms: Unexpected weight loss, rapid heartbeat, irritability, sweating, hand tremors

Description: Hyperthyroidism is a clinical syndrome caused by excessive synthesis and secretion of thyroid hormones (T3 and T4), accelerating metabolic processes throughout the body. Graves' disease (autoimmune, caused by TSH-receptor stimulating antibodies) is the most common cause; others include toxic multinodular goiter, toxic adenoma, thyroiditis, and excess iodine intake. Symptoms include unexplained weight loss, heat intolerance, excessive sweating, palpitations, tachycardia, atrial fibrillation, tremor, anxiety, insomnia, frequent bowel movements, and muscle weakness. Graves' disease additionally causes exophthalmos (protruding eyes) and pretibial myxedema. Thyroid storm is a life-threatening emergency requiring urgent treatment."
Urinary tract infection,"Symptoms: Strong urge to urinate, burning sensation, cloudy/bloody urine, pelvic pain

Description: A urinary tract infection (UTI) is a bacterial infection affecting any part of the urinary system—urethra (urethritis), bladder (cystitis), ureters, or kidneys (pyelonephritis). Escherichia coli causes ~80–85% of uncomplicated UTIs, with Klebsiella, Proteus, Enterococcus, and Staphylococcus saprophyticus accounting for most remaining cases. Women are disproportionately affected due to shorter urethra. Lower UTI symptoms include dysuria (painful urination), urinary frequency and urgency, suprapubic discomfort, and cloudy/malodorous urine. Upper UTI (pyelonephritis) additionally causes fever, rigors, flank pain, and nausea. Complicated UTIs occur in the presence of structural abnormalities, catheters, pregnancy, diabetes, or immunosuppression."
Varicose veins,"Symptoms: Bulging/twisted veins, aching legs, swelling in lower legs, itching around veins

Description: Varicose veins are pathologically dilated, tortuous, elongated superficial veins (>3mm diameter) in the lower limbs resulting from incompetence of venous valves that normally prevent retrograde blood flow. Venous hypertension from valve failure leads to progressive vein wall dilation. Risk factors include prolonged standing, obesity, pregnancy, family history, female sex, and aging. Symptoms include visible bulging veins, aching, heaviness, swelling, itching, and skin changes. Chronic venous insufficiency complications include lipodermatosclerosis, venous eczema, hyperpigmentation, and venous leg ulcers. Treatment options range from compression stockings to endovenous ablation and surgical stripping."
AIDS,"Symptoms: Fever, fatigue, swollen lymph nodes, weight loss, chronic diarrhea, night sweats

Description: Acquired Immunodeficiency Syndrome (AIDS) is the advanced stage of HIV (Human Immunodeficiency Virus) infection, defined by a CD4+ T-cell count below 200 cells/μL or the presence of AIDS-defining illnesses (opportunistic infections or malignancies). HIV primarily infects CD4+ T-lymphocytes, macrophages, and dendritic cells using the CCR5 and CXCR4 co-receptors, leading to progressive immune depletion. Transmission occurs via unprotected sexual contact, contaminated blood/needles, or mother-to-child during birth/breastfeeding. AIDS-defining conditions include Pneumocystis pneumonia, cryptococcal meningitis, CMV retinitis, toxoplasmosis, and Kaposi's sarcoma. Antiretroviral therapy (ART) effectively suppresses viral replication, restores immunity, and prevents AIDS progression."
Paralysis (brain hemorrhage),"Symptoms: Sudden numbness, weakness on one side, confusion, trouble speaking/seeing

Description: Paralysis following brain hemorrhage occurs when bleeding within the brain substance (intracerebral hemorrhage, ICH) or surrounding spaces compresses or destroys motor cortex, corticospinal tracts, or subcortical structures. Common causes include hypertension (most common), cerebral amyloid angiopathy, arteriovenous malformations, coagulation disorders, and anticoagulant therapy. ICH typically presents with sudden-onset focal neurological deficits (contralateral hemiplegia/hemiparesis), headache, nausea, vomiting, altered consciousness, and seizures. Outcomes depend on hemorrhage location, volume, presence of intraventricular extension, and speed of medical intervention. Rehabilitation is critical for recovery of motor function."
Typhoid,"Symptoms: High fever, headache, stomach pain, constipation or diarrhea, weakness

Description: Typhoid fever is a systemic bacterial infection caused by Salmonella enterica serovar Typhi (and less severely by S. Paratyphi), acquired by ingestion of food or water contaminated with human feces. After intestinal invasion, the bacteria penetrate Peyer's patches, multiply within macrophages, and disseminate via the bloodstream causing bacteremia. Classical presentation includes prolonged sustained fever (39–40°C), relative bradycardia, frontal headache, malaise, anorexia, abdominal pain, rose spots on the trunk, and hepatosplenomegaly. Complications include intestinal perforation, hemorrhage, encephalopathy, and myocarditis. Diagnosis is by blood culture (gold standard). Treatment with fluoroquinolones or third-generation cephalosporins; increasing antibiotic resistance is a global concern."
Hepatitis B,"Symptoms: Symptoms vary; consult a healthcare professional for specific diagnosis.

Description: Hepatitis B is a serious liver infection caused by the Hepatitis B Virus (HBV), a partially double-stranded DNA virus (Hepadnaviridae family). Transmission occurs via percutaneous or mucosal exposure to infectious blood, sexual contact, or vertical mother-to-child transmission. Acute HBV infection may be asymptomatic or present with jaundice, fatigue, nausea, and right upper quadrant pain. The risk of chronicity inversely correlates with age at infection (~90% in neonates vs ~5% in adults). Chronic HBV infection causes progressive liver inflammation, fibrosis, cirrhosis, and hepatocellular carcinoma (HCC). Globally, ~300 million people have chronic HBV infection. Safe, effective vaccines are available. Treatment with nucleos(t)ide analogues suppresses viral replication."
Fungal infection,"Symptoms: Itchy skin, red/scaly rash, burning sensation, peeling skin, discolored nails

Description: Fungal infections (mycoses) are caused by pathogenic or opportunistic fungi and can affect the skin, nails, mucous membranes, or internal organs. Superficial mycoses include dermatophytosis (ringworm, tinea pedis/athlete's foot, onychomycosis by Trichophyton spp.), cutaneous candidiasis (Candida albicans), and pityriasis versicolor (Malassezia furfur). Subcutaneous and systemic infections (histoplasmosis, aspergillosis, cryptococcosis, mucormycosis) primarily affect immunocompromised individuals (HIV/AIDS, transplant recipients, diabetics). Symptoms vary by infection site: pruritus, scaling, and discoloration in superficial forms; fever, cough, dyspnea, and organ dysfunction in systemic forms. Treatment involves antifungal agents (azoles, polyenes, echinocandins) based on species and severity."
Hepatitis C,"Symptoms: Symptoms vary; consult a healthcare professional for specific diagnosis.

Description: Hepatitis C is a bloodborne liver infection caused by the Hepatitis C Virus (HCV), a single-stranded RNA flavivirus. It is primarily transmitted via injection drug use with shared needles, needlestick injuries, and less commonly through sexual contact or blood transfusions (prior to 1992 screening). Up to 80% of acute infections become chronic; most patients are asymptomatic for decades. Chronic HCV causes progressive hepatic fibrosis, cirrhosis (in ~20% over 20 years), and is a leading cause of hepatocellular carcinoma and liver transplantation globally. Approximately 58 million people are chronically infected worldwide. Direct-acting antiviral (DAA) regimens achieve >95% cure rates with 8–12 week courses."
Migraine,"Symptoms: Severe throbbing pain, usually on one side, sensitivity to light/sound, nausea

Description: Migraine is a complex, episodic neurological disorder characterized by recurrent attacks of moderate-to-severe unilateral, pulsating headache lasting 4–72 hours, often accompanied by nausea, vomiting, and photophobia/phonophobia. Approximately one-third of patients experience aura—transient neurological symptoms (visual scotomas, fortification spectra, sensory or speech disturbances) preceding the headache by 20–60 minutes, caused by cortical spreading depression. The pathophysiology involves trigeminovascular activation, calcitonin gene-related peptide (CGRP) release, and central sensitization. Triggers include hormonal changes, stress, sleep disruption, certain foods, and sensory stimuli. Chronic migraine (≥15 headache days/month) significantly impairs quality of life and work productivity."
Bronchial Asthma,"Symptoms: Coughing, wheezing, shortness of breath, chest tightness, mucus production

Description: Bronchial asthma is a chronic inflammatory airway disease characterized by variable, reversible airflow obstruction due to bronchospasm, mucosal edema, and excess mucus production, and airway hyperresponsiveness to various triggers. The underlying inflammation involves mast cells, eosinophils, and T-helper 2 (Th2) lymphocytes releasing IL-4, IL-5, and IL-13. Triggers include allergens (dust mites, pollen, animal dander), respiratory infections, exercise, cold air, pollutants, and NSAIDs. Symptoms include recurrent wheezing, dyspnea, chest tightness, and cough (especially nocturnal). Lung function testing (spirometry) demonstrates reversible obstruction. Poorly controlled asthma leads to airway remodeling and fixed obstruction. Treatment includes inhaled corticosteroids and short/long-acting bronchodilators."
Alcoholic hepatitis,"Symptoms: Jaundice, abdominal pain, swelling, nausea, vomiting, loss of appetite, fatigue

Description: Alcoholic hepatitis is an acute inflammatory syndrome of the liver occurring in patients with heavy alcohol use (typically >80g/day for years), characterized by hepatocellular injury, neutrophilic infiltration, and Mallory-Denk body formation (intracellular keratin aggregates). Clinically, it presents with rapid-onset jaundice, fever, hepatomegaly, anorexia, right upper quadrant pain, and ascites. Severe alcoholic hepatitis (Maddrey Discriminant Function ≥32 or MELD score ≥20) carries 30-day mortality of 30–50%. Pathophysiology involves oxidative stress from acetaldehyde metabolism, gut dysbiosis with increased intestinal permeability and bacterial endotoxin (LPS) translocation, and TNF-α-driven liver inflammation. Abstinence from alcohol is the cornerstone of treatment; corticosteroids are used in severe cases."
Jaundice,"Symptoms: Yellowing of skin/eyes, pale stools, dark urine, itchy skin, fatigue

Description: Jaundice (icterus) is the yellowish discoloration of skin, sclera, and mucous membranes caused by hyperbilirubinemia (serum bilirubin >2.5–3 mg/dL). It is classified by mechanism: pre-hepatic (excess bilirubin production from hemolysis—sickle cell disease, G6PD deficiency), hepatic (impaired conjugation or secretion—viral hepatitis, cirrhosis, drug-induced liver injury, Gilbert syndrome), or post-hepatic/cholestatic (biliary obstruction—gallstones, pancreatic cancer, cholangiocarcinoma). Accompanying symptoms include dark urine, pale stools, pruritus, and constitutional symptoms depending on etiology. Newborn jaundice (physiological hyperbilirubinemia) affects ~60% of term neonates and requires phototherapy when severe to prevent bilirubin encephalopathy (kernicterus)."
Hepatitis E,"Symptoms: Symptoms vary; consult a healthcare professional for specific diagnosis.

Description: Hepatitis E is an acute, enterically transmitted liver infection caused by the Hepatitis E Virus (HEV), a single-stranded RNA virus (Hepeviridae family). It is the most common cause of acute viral hepatitis globally. Genotypes 1 and 2 primarily infect humans via contaminated drinking water in developing countries; genotypes 3 and 4 are zoonotic (from pigs, deer) and cause sporadic cases in high-income countries. Symptoms include acute-onset jaundice, fever, malaise, anorexia, nausea, and hepatomegaly, resolving within 4–6 weeks in most immunocompetent patients. However, HEV causes disproportionately severe disease in pregnant women (case fatality rate up to 25% in third trimester) and can cause chronic infection in immunocompromised individuals."
Dengue,"Symptoms: High fever, severe headache, pain behind eyes, joint/muscle pain, rash, mild bleeding

Description: Dengue fever is an acute viral hemorrhagic illness caused by four antigenically distinct dengue virus serotypes (DENV 1–4), RNA flaviviruses transmitted by Aedes aegypti and Aedes albopictus mosquitoes. Following an incubation of 4–10 days, the disease progresses through febrile, critical, and recovery phases. Classic dengue presents with sudden high fever, severe headache, retro-orbital pain, myalgia, arthralgia ('breakbone fever'), rash, and thrombocytopenia. Secondary infection with a different serotype carries risk of severe dengue (dengue hemorrhagic fever/dengue shock syndrome) due to antibody-dependent enhancement, causing plasma leakage, severe bleeding, and multi-organ impairment. Dengue is endemic in over 100 countries with ~100–400 million infections annually."
Hepatitis D,"Symptoms: Symptoms vary; consult a healthcare professional for specific diagnosis.

Description: Hepatitis D (delta hepatitis) is a liver infection caused by the Hepatitis D Virus (HDV), a defective single-stranded RNA satellite virus that requires HBV surface antigen (HBsAg) for its own assembly and transmission. Therefore, HDV infection occurs only in individuals already infected with HBV, either as co-infection (simultaneous HDV+HBV) or superinfection (HDV in chronic HBV carrier). Co-infection typically causes acute self-limiting hepatitis; superinfection accelerates progression to cirrhosis in 70–80% of cases and increases hepatocellular carcinoma risk. HDV affects ~15–20 million people globally. HBV vaccination prevents HDV infection. Pegylated interferon-alpha is the primary treatment; bulevirtide (entry inhibitor) is newly approved in Europe."
Heart attack,"Symptoms: Chest pain/pressure, shortness of breath, pain in jaw/back/arms, nausea, cold sweat

Description: A myocardial infarction (heart attack) occurs when prolonged ischemia from coronary artery occlusion—most commonly due to atherosclerotic plaque rupture and superimposed thrombosis—causes irreversible necrosis of myocardial tissue. It is classified as STEMI (ST-elevation MI, complete occlusion) or NSTEMI (partial occlusion) based on ECG findings. Classic symptoms include severe crushing/pressure chest pain radiating to the left arm, jaw, or back, diaphoresis, dyspnea, nausea, and sense of impending doom. Atypical presentations (epigastric pain, fatigue) are more common in women, diabetics, and elderly. Complications include cardiogenic shock, arrhythmias, heart failure, pericarditis, and mechanical complications. Rapid reperfusion (PCI within 90 minutes) is lifesaving."
Pneumonia,"Symptoms: Cough with phlegm, fever, sweating, chills, shortness of breath, chest pain

Description: Pneumonia is an acute infection of the lung parenchyma (alveoli and/or interstitium) caused by bacteria, viruses, fungi, or parasites. Streptococcus pneumoniae is the most common bacterial cause of community-acquired pneumonia (CAP); other causes include Haemophilus influenzae, Mycoplasma pneumoniae ('walking pneumonia'), Legionella pneumophila, and respiratory viruses (influenza, RSV, SARS-CoV-2). Aspiration pneumonia involves oropharyngeal or gastric contents. Symptoms include productive cough, fever, rigors, pleuritic chest pain, dyspnea, and hypoxemia. Physical examination reveals decreased breath sounds, dullness to percussion, and bronchial breathing. Complications include parapneumonic effusion, lung abscess, empyema, sepsis, and respiratory failure. Diagnosis is confirmed by chest X-ray/CT."
Arthritis,"Symptoms: Joint pain, stiffness, swelling, redness, decreased range of motion

Description: Arthritis encompasses over 100 conditions involving joint inflammation. Rheumatoid arthritis (RA) is a systemic autoimmune disease driven by citrullinated protein antibodies (anti-CCP) and rheumatoid factor, causing symmetric polyarthritis, synovial inflammation, bone erosion, and extra-articular manifestations (pulmonary nodules, vasculitis, pericarditis). Osteoarthritis is degenerative cartilage loss. Reactive arthritis follows genitourinary or gastrointestinal infections. Psoriatic arthritis accompanies psoriasis. Gouty arthritis results from monosodium urate crystal deposition in joints (hyperuricemia). Septic arthritis is a medical emergency caused by direct bacterial joint invasion. General symptoms include joint pain, swelling, stiffness, warmth, and reduced range of motion with varying distribution and patterns."
Gastroenteritis,"Symptoms: Watery diarrhea, stomach cramps, nausea, vomiting, occasional fever

Description: Gastroenteritis is inflammation of the stomach and intestines caused predominantly by viral pathogens (norovirus, rotavirus, adenovirus), bacteria (Salmonella, Campylobacter, E. coli, Shigella), or parasites (Giardia, Cryptosporidium). Viral gastroenteritis is the most common form, responsible for 1.7 billion cases annually worldwide. Transmission is via fecal-oral route, contaminated food/water, or direct contact. Symptoms include nausea, vomiting, watery or bloody diarrhea, abdominal cramping, and low-grade fever, typically lasting 1–3 days for viral and up to 7 days for bacterial causes. Dehydration is the primary complication, potentially fatal in infants and elderly. Management is mainly supportive with oral rehydration therapy; antibiotics are reserved for specific bacterial causes."
Tuberculosis,"Symptoms: Persistent cough (3+ weeks), coughing up blood, chest pain, weight loss, night sweats

Description: Tuberculosis (TB) is an airborne infectious disease caused by Mycobacterium tuberculosis, an acid-fast bacillus. TB primarily affects the lungs (pulmonary TB) but can involve any organ (extrapulmonary TB: lymph nodes, pleura, kidneys, bones, meninges). After inhalation, the bacillus is engulfed by alveolar macrophages, potentially establishing latent TB infection (LTBI) in immunocompetent hosts. Active TB develops when immune containment fails, typically causing chronic productive cough (>2 weeks), hemoptysis, fever, night sweats, and weight loss ('consumption'). Diagnosis uses sputum AFB smear/culture and GeneXpert MTB/RIF PCR. TB remains the world's deadliest infectious disease (1.3 million deaths/year). Treatment requires 6 months of multidrug therapy (HRZE); drug-resistant TB (MDR-TB, XDR-TB) is a major global challenge."
COVID-19,"Symptoms: Fever, dry cough, fatigue, loss of taste/smell, sore throat, body aches, diarrhea

Description: COVID-19 is an infectious respiratory disease caused by SARS-CoV-2 (Severe Acute Respiratory Syndrome Coronavirus 2), a betacoronavirus that uses its spike protein to bind the ACE2 receptor on host cells, primarily infecting respiratory epithelium and type II pneumocytes. Transmission is mainly via respiratory aerosols and droplets. The disease ranges from asymptomatic to critical illness. Common symptoms include fever, dry cough, fatigue, dyspnea, anosmia, ageusia, myalgia, and headache. Severe disease is characterized by hypoxemic respiratory failure, ARDS, cytokine storm, coagulopathy, and multi-organ dysfunction. Long COVID involves persistent symptoms (fatigue, brain fog, dyspnea) lasting >12 weeks after acute illness. Morbidity is highest in elderly individuals and those with diabetes, hypertension, obesity, and immunosuppression."
Diabetes Type 2,"Symptoms: Thirst, frequent urination, fatigue, blurred vision, slow-healing sores, darkened skin

Description: Type 2 diabetes mellitus (T2DM) is a progressive metabolic disorder characterized by chronic hyperglycemia resulting from a combination of peripheral insulin resistance (primarily in skeletal muscle, adipose tissue, and liver) and relative insulin deficiency due to beta-cell dysfunction and eventual exhaustion. Pathogenesis involves obesity-related chronic low-grade inflammation, ectopic lipid accumulation, and glucotoxicity impairing beta-cell function. T2DM accounts for ~90% of all diabetes cases, affecting over 450 million adults globally. It is strongly associated with abdominal obesity, physical inactivity, and unhealthy diet. Macrovascular complications (coronary artery disease, stroke, peripheral arterial disease) and microvascular complications (retinopathy, nephropathy, neuropathy) cause substantial morbidity and mortality. Management includes lifestyle modification, metformin, and additional pharmacological agents."
Asthma,"Symptoms: Shortness of breath, chest tightness, wheezing, coughing (especially at night)

Description: Asthma is a heterogeneous chronic airway disorder characterized by variable airflow limitation and airway hyperresponsiveness, driven by underlying airway inflammation that causes recurrent episodes of wheezing, breathlessness, chest tightness, and cough. Multiple asthma phenotypes exist: allergic (eosinophilic, IgE-mediated, Th2-driven) is most common in children; non-allergic, late-onset eosinophilic, obesity-related, and occupational asthma are recognized in adults. Spirometry showing reversible obstruction (FEV1/FVC ratio improvement post-bronchodilator) confirms diagnosis. Uncontrolled inflammation leads to structural airway remodeling (subepithelial fibrosis, smooth muscle hypertrophy). Treatment is stepwise with inhaled corticosteroids as cornerstone; biologics (anti-IL-5, anti-IgE, anti-TSLP) are available for severe refractory asthma."
Anemia,"Symptoms: Fatigue, weakness, pale skin, shortness of breath, dizziness, cold hands/feet

Description: Anemia is defined as a reduction in hemoglobin concentration below the normal range (WHO: <13g/dL in adult males, <12g/dL in adult females), impairing oxygen delivery to tissues. It is the most common hematological disorder globally. Classification by mechanism: decreased RBC production (iron deficiency—most common worldwide; vitamin B12/folate deficiency causing megaloblastic anemia; aplastic anemia; anemia of chronic disease; thalassemia); increased RBC destruction (hemolytic anemia: autoimmune, sickle cell, G6PD deficiency, malaria); or blood loss (acute or chronic gastrointestinal bleeding). Symptoms include fatigue, pallor, dyspnea on exertion, palpitations, dizziness, and poor concentration. Severe anemia may cause high-output heart failure."
Appendicitis,"Symptoms: Sudden pain in lower right abdomen, nausea, vomiting, loss of appetite, low-grade fever

Description: Appendicitis is inflammation of the vermiform appendix, most commonly caused by luminal obstruction by a fecalith (hardened fecal matter), lymphoid hyperplasia (following infection), or less commonly, foreign bodies or tumors. Obstruction causes bacterial overgrowth, distension, ischemia, and perforation if untreated. It is the most common cause of acute abdomen requiring emergency surgery worldwide. Classic presentation begins with periumbilical colicky pain migrating to McBurney's point (right iliac fossa), accompanied by anorexia, nausea, vomiting, low-grade fever, and rebound tenderness. Perforated appendicitis causes peritonitis and sepsis. CT abdomen/pelvis has high diagnostic accuracy (sensitivity ~94%). Standard treatment is appendectomy (laparoscopic or open); uncomplicated appendicitis may be managed with antibiotics in select cases."
Chronic Kidney Disease,"Symptoms: Fatigue, nausea, swelling in feet/ankles, frequent urination, shortness of breath

Description: Chronic Kidney Disease (CKD) is the progressive, irreversible loss of kidney function over ≥3 months, classified into 5 stages based on estimated glomerular filtration rate (eGFR) and albuminuria. Major causes include diabetes mellitus (leading cause in developed countries), hypertension, glomerulonephritis, polycystic kidney disease, and recurrent urinary tract infections. Progressively declining eGFR leads to uremia—accumulation of waste products—causing fatigue, anorexia, nausea, pruritus, edema, hypertension, and anemia (from reduced erythropoietin production). CKD dramatically increases cardiovascular risk. Complications include metabolic acidosis, hyperkalemia, hyperphosphatemia, secondary hyperparathyroidism, and renal osteodystrophy. End-stage renal disease (eGFR <15) requires renal replacement therapy (dialysis or transplantation)."
Food Poisoning,"Symptoms: Nausea, vomiting, watery or bloody diarrhea, abdominal pain, fever

Description: Food poisoning (foodborne illness) is an acute gastrointestinal illness caused by ingestion of food or water contaminated with bacteria (Salmonella, Campylobacter, E. coli O157:H7, Listeria, Staphylococcus aureus, Clostridium botulinum), viruses (norovirus, hepatitis A), toxins, or parasites. Staphylococcal food poisoning (preformed enterotoxin) causes rapid-onset vomiting within 1–6 hours; Salmonella causes diarrhea, fever, and cramps within 12–72 hours; Clostridium botulinum produces potentially fatal neurotoxin causing descending flaccid paralysis. Symptoms typically include nausea, vomiting, abdominal cramps, diarrhea (watery or bloody), and fever. Dehydration is the main complication. High-risk groups include pregnant women, elderly, immunocompromised individuals, and young children. Most cases resolve without specific treatment."
